,Symbol
0,360ONE
1,ABB
2,ACC
3,ACMESOLAR
4,AIAENG
5,APLAPOLLO
6,AUBANK
7,AWL
8,AADHARHFC
9,AARTIIND
10,AAVAS
11,ABBOTINDIA
12,ACE
13,ACUTAAS
14,ADANIENSOL
15,ADANIENT
16,ADANIGREEN
17,ADANIPORTS
18,ADANIPOWER
19,ATGL
20,ABCAPITAL
21,ABREL
22,ABSLAMC
23,CPPLUS
24,AEGISLOG
25,AEGISVOPAK
26,AETHER
27,AFCONS
28,AFFLE
29,AJANTPHARM
30,ALKEM
31,ABDL
32,ARE&M
33,AMBER
34,AMBUJACEM
35,ANANDRATHI
36,ANANTRAJ
37,ANGELONE
38,ANTHEM
39,ANURAS
40,APARINDS
41,APOLLOHOSP
42,APOLLOTYRE
43,APTUS
44,ASAHIINDIA
45,ASHOKLEY
46,ASIANPAINT
47,ASTERDM
48,ASTRAL
49,ATHERENERG
50,ATUL
51,AUROPHARMA
52,AIIL
53,AVANTIFEED
54,DMART
55,AXISBANK
56,AZAD
57,BEML
58,BLS
59,BSE
60,BAGMANE
61,BAJAJ-AUTO
62,BAJFINANCE
63,BAJAJFINSV
64,BAJAJHLDNG
65,BAJAJHFL
66,BALKRISIND
67,BALRAMCHIN
68,BANDHANBNK
69,BANKBARODA
70,BANKINDIA
71,MAHABANK
72,BATAINDIA
73,BELRISE
74,BERGEPAINT
75,BHARATCOAL
76,BDL
77,BEL
78,BHARATFORG
79,BHEL
80,BPCL
81,BHARTIARTL
82,BHARTIHEXA
83,GROWW
84,BIOCON
85,BSOFT
86,BBOX
87,BLUESTARCO
88,BOSCHLTD
89,FIRSTCRY
90,BRIGADE
91,BRITANNIA
92,BIRET
93,CCL
94,CESC
95,CGPOWER
96,CIEINDIA
97,CRISIL
98,CANFINHOME
99,CANBK
100,CANHLIFE
101,CAPLIPOINT
102,CGCL
103,CARBORUNIV
104,CARTRADE
105,CASTROLIND
106,CEATLTD
107,CEMPRO
108,CENTRALBK
109,CDSL
110,CMPDI
111,CHAMBLFERT
112,CHENNPETRO
113,CHOICEIN
114,CHOLAHLDNG
115,CHOLAFIN
116,CIPLA
117,CUB
118,CLEANMAX
119,CLEAN
120,COALINDIA
121,COCHINSHIP
122,COFORGE
123,COHANCE
124,COLPAL
125,CAMS
126,CONCORDBIO
127,CONCOR
128,COROMANDEL
129,CRAFTSMAN
130,CREDITACC
131,CROMPTON
132,CUMMINSIND
133,CUPID
134,CYIENT
135,DLF
136,DOMS
137,DABUR
138,DALBHARAT
139,DATAPATTNS
140,DEEPAKFERT
141,DEEPAKNTR
142,DELHIVERY
143,DEVYANI
144,DIVISLAB
145,DIXON
146,LALPATHLAB
147,DRREDDY
148,DUMMYHEG
149,EIDPARRY
150,EIHOTEL
151,EMBASSY
152,EICHERMOT
153,ELECON
154,ELGIEQUIP
155,EMAMILTD
156,EMCURE
157,EMMVEE
158,ENDURANCE
159,ENGINERSIN
160,ESCORTS
161,ETERNAL
162,EXIDEIND
163,NYKAA
164,FEDERALBNK
165,FACT
166,FINCABLES
167,FSL
168,FIVESTAR
169,FORCEMOT
170,FORTIS
171,FRACTAL
172,GAIL
173,GVT&D
174,GMRAIRPORT
175,GABRIEL
176,GALLANTT
177,GRSE
178,GICRE
179,GILLETTE
180,GLAND
181,GLAXO
182,GLENMARK
183,MEDANTA
184,GPIL
185,GODFRYPHLP
186,GODREJCP
187,GODREJIND
188,GODREJPROP
189,GRANULES
190,GRAPHITE
191,GRASIM
192,GRAVITA
193,GESHIP
194,FLUOROCHEM
195,GMDCLTD
196,HBLENGINE
197,HCLTECH
198,HDBFS
199,HDFCAMC
200,HDFCBANK
201,HDFCLIFE
202,HEGAM
203,HFCL
204,HAVELLS
205,HEROMOTOCO
206,HEXT
207,HSCL
208,HINDALCO
209,HAL
210,HINDCOPPER
211,HINDPETRO
212,HINDUNILVR
213,HINDZINC
214,POWERINDIA
215,HOMEFIRST
216,HONASA
217,HONAUT
218,HUDCO
219,HYUNDAI
220,ICICIBANK
221,ICICIGI
222,ICICIAMC
223,ICICIPRULI
224,IDBI
225,IDFCFIRSTB
226,IFCI
227,IIFL
228,INOXINDIA
229,IRB
230,IRCON
231,ITCHOTELS
232,ITC
233,ITI
234,INDIACEM
235,INDIAMART
236,INDIANB
237,IEX
238,INDHOTEL
239,IOC
240,IOB
241,IRCTC
242,IRFC
243,IREDA
244,IGL
245,INDUSTOWER
246,INDUSINDBK
247,NAUKRI
248,INFY
249,INOXWIND
250,INTELLECT
251,INDIGO
252,IGIL
253,IKS
254,IPCALAB
255,JKCEMENT
256,JBMA
257,JKTYRE
258,JMFINANCIL
259,JSWCEMENT
260,JSWENERGY
261,JSWINFRA
262,JSWSTEEL
263,JAINREC
264,JPPOWER
265,J&KBANK
266,JINDALSAW
267,JSL
268,JINDALSTEL
269,JIOFIN
270,JUBLFOOD
271,JUBLINGREA
272,JWL
273,JYOTICNC
274,KPRMILL
275,KEI
276,KPITTECH
277,KSB
278,KAJARIACER
279,KPIL
280,KALYANKJIL
281,KARURVYSYA
282,KAYNES
283,KEC
284,KFINTECH
285,KIRLOSBROS
286,KIRLOSENG
287,KOTAKBANK
288,KIMS
289,LTF
290,LTTS
291,LGEINDIA
292,LICHSGFIN
293,LTFOODS
294,LTM
295,LT
296,LAURUSLABS
297,LEMONTREE
298,LENSKART
299,LICI
300,LINDEINDIA
301,LLOYDSME
302,LODHA
303,LUPIN
304,MMTC
305,MRF
306,MTARTECH
307,MGL
308,M&MFIN
309,M&M
310,MANAPPURAM
311,MRPL
312,MANKIND
313,MARICO
314,MARUTI
315,MFSL
316,MAXHEALTH
317,MAZDOCK
318,MEESHO
319,MINDACORP
320,MSUMI
321,MOTILALOFS
322,MPHASIS
323,MCX
324,MUTHOOTFIN
325,NATCOPHARM
326,NBCC
327,NCC
328,NHPC
329,NLCINDIA
330,NMDC
331,NSLNISP
332,NTPCGREEN
333,NTPC
334,NH
335,NATIONALUM
336,NAVA
337,NAVINFLUOR
338,NESTLEIND
339,NETWEB
340,NEULANDLAB
341,NAM-INDIA
342,NUVAMA
343,NUVOCO
344,OBEROIRLTY
345,ONGC
346,OIL
347,OLAELEC
348,OLECTRA
349,PAYTM
350,ONESOURCE
351,OFSS
352,POLICYBZR
353,PCBL
354,PGEL
355,PIIND
356,PNBHOUSING
357,PTCIL
358,PVRINOX
359,PAGEIND
360,PARADEEP
361,PATANJALI
362,PERSISTENT
363,PETRONET
364,PHOENIXLTD
365,PWL
366,PIDILITIND
367,PINELABS
368,PIRAMALFIN
369,PPLPHARMA
370,POLYMED
371,POLYCAB
372,POONAWALLA
373,PFC
374,POWERGRID
375,PREMIERENE
376,PRESTIGE
377,PFOCUS
378,PRIVISCL
379,PNB
380,RRKABEL
381,RBLBANK
382,RECLTD
383,RHIM
384,RITES
385,RADICO
386,RVNL
387,RAILTEL
388,RAINBOW
389,RKFORGE
390,REDINGTON
391,RELIANCE
392,RPOWER
393,RUBICON
394,SBICARD
395,SBILIFE
396,SJVN
397,SHRIPISTON
398,SRF
399,SAGILITY
400,SAILIFE
401,SAMMAANCAP
402,MOTHERSON
403,SANSERA
404,SARDAEN
405,SCHAEFFLER
406,SCHNEIDER
407,SCI
408,SHREECEM
409,SHRIRAMFIN
410,SHYAMMETL
411,ENRIN
412,SIEMENS
413,SIGNATURE
414,SOBHA
415,SOLARINDS
416,SONACOMS
417,STARHEALTH
418,SBIN
419,SAIL
420,STLTECH
421,SUMICHEM
422,SUNPHARMA
423,SUNTV
424,SUNDARMFIN
425,SUPREMEIND
426,SUZLON
427,SWANCORP
428,SWIGGY
429,SYNGENE
430,SYRMA
431,TBOTEK
432,TDPOWERSYS
433,TVSMOTOR
434,TATACAP
435,TATACHEM
436,TATACOMM
437,TCS
438,TATACONSUM
439,TATAELXSI
440,TATAINVEST
441,TMCV
442,TMPV
443,TATAPOWER
444,TATASTEEL
445,TATATECH
446,TTML
447,TECHM
448,TECHNOE
449,TEGA
450,TEJASNET
451,TENNIND
452,THANGAMAYL
453,NIACL
454,RAMCOCEM
455,THERMAX
456,TIMKEN
457,TITAGARH
458,TITAN
459,TORNTPHARM
460,TORNTPOWER
461,TARIL
462,TRENT
463,TRIDENT
464,TRITURBINE
465,TIINDIA
466,UCOBANK
467,UNOMINDA
468,UPL
469,UTIAMC
470,ULTRACEMCO
471,UNIONBANK
472,UBL
473,UNITDSPR
474,URBANCO
475,USHAMART
476,VTL
477,VBL
478,VAML
479,VISL
480,VEDL
481,VOGL
482,VEDPOWER
483,VIJAYA
484,VMM
485,IDEA
486,VOLTAS
487,WAAREEENER
488,WELCORP
489,WELSPUNLIV
490,WHIRLPOOL
491,WIPRO
492,WOCKPHARMA
493,YESBANK
494,ZFCVINDIA
495,ZEEL
496,ZENTEC
497,ZENSARTECH
498,ZYDUSLIFE
499,ZYDUSWELL
500,ECLERX
